path,module,domain,question,data_scope,role,purpose
experiments/data_preparation/chimera/audit_archive.py,experiments.data_preparation.chimera.audit_archive,data_preparation,chimera,chimera,audit,Audit official Chimera Zenodo data archive without extracting it wholesale.
experiments/data_preparation/chimera/audit_content_pairs.py,experiments.data_preparation.chimera.audit_content_pairs,data_preparation,chimera,chimera,audit,Check released Chimera filename pairing with image-content pHashes.
experiments/data_preparation/chimera/prepare_bfree_manifest.py,experiments.data_preparation.chimera.prepare_bfree_manifest,data_preparation,chimera,chimera,prepare,Decode all source and genuine recapture images and sign an inference manifest.
experiments/data_preparation/chimera/prepare_data_ranges.py,experiments.data_preparation.chimera.prepare_data_ranges,data_preparation,chimera,chimera,prepare,Download the public Zenodo data archive with checked independent byte ranges.
experiments/data_preparation/chimera/prepare_registry_simulation_split.py,experiments.data_preparation.chimera.prepare_registry_simulation_split,data_preparation,chimera,chimera,prepare,"Freeze source-level, stratified Chimera splits before simulator calibration."
experiments/data_preparation/chimera/prepare_size_control.py,experiments.data_preparation.chimera.prepare_size_control,data_preparation,chimera,chimera,prepare,Create a frozen 256x256 recapture control for Chimera B-Free evaluation.
experiments/data_preparation/common/prepare_verified.ps1,,data_preparation,common,common,prepare,历史 PowerShell 入口；执行前核对长度/MD5/断点要求。
experiments/data_preparation/compennet/audit_full.py,experiments.data_preparation.compennet.audit_full,data_preparation,compennet,compennet,audit,Audit the complete official CompenNet projector-camera benchmark archive.
experiments/data_preparation/compennet/prepare.ps1,,data_preparation,compennet,compennet,prepare,历史 PowerShell 入口；执行前核对长度/MD5/断点要求。
experiments/data_preparation/compennet/run_range.py,experiments.data_preparation.compennet.run_range,data_preparation,compennet,compennet,run,Read official CompenNet ZIP directory over verified HTTP Range only.
experiments/data_preparation/compennetpp/prepare_sl_one_setup.py,experiments.data_preparation.compennetpp.prepare_sl_one_setup,data_preparation,compennetpp,compennetpp,prepare,Extract 42 structured-light source/camera pairs via CRC-verified ZIP Range.
experiments/data_preparation/compennetpp/run_range.py,experiments.data_preparation.compennetpp.run_range,data_preparation,compennetpp,compennetpp,run,Inspect author CompenNet++ ZIP central directory over HTTP Range only.
experiments/data_preparation/compennetpp/run_raw_reference_pairs.py,experiments.data_preparation.compennetpp.run_raw_reference_pairs,data_preparation,compennetpp,compennetpp,run,Range/CRC audit of a few same-setup projector and raw-camera pairs.
experiments/data_preparation/compennetpp/run_structured_light.py,experiments.data_preparation.compennetpp.run_structured_light,data_preparation,compennetpp,compennetpp,run,CRC-probe structured-light inputs and unwarped captures without 11 GB ZIP.
experiments/data_preparation/csgc/audit_additional_pairs.py,experiments.data_preparation.csgc.audit_additional_pairs,data_preparation,csgc,csgc,audit,Spot-check additional cross-SPI CSGC pair mappings by HTTP Range + CRC.
experiments/data_preparation/csgc/audit_archive_2400spi.py,experiments.data_preparation.csgc.audit_archive_2400spi,data_preparation,csgc,csgc,audit,Full-entry audit of official CSGC 2400-spi paired archive.
experiments/data_preparation/csgc/audit_cross_spi_twelve_sources.py,experiments.data_preparation.csgc.audit_cross_spi_twelve_sources,data_preparation,csgc,csgc,audit,Range audit 12 predetermined CSGC holdout IDs across 4800/9600 SPI.
experiments/data_preparation/csgc/audit_pair_content.py,experiments.data_preparation.csgc.audit_pair_content,data_preparation,csgc,csgc,audit,Check that CSGC's same-number source/scan entries are content paired.
experiments/data_preparation/csgc/prepare_cross_resolution_pairs.py,experiments.data_preparation.csgc.prepare_cross_resolution_pairs,data_preparation,csgc,csgc,prepare,Range-extract one CSGC source/scan pair per SPI and compare templates.
experiments/data_preparation/csgc/prepare_multi_zip.py,experiments.data_preparation.csgc.prepare_multi_zip,data_preparation,csgc,csgc,prepare,Index all three CSGC official ZIPs from verified HTTP Range tail fragments.
experiments/data_preparation/descan/audit_descan_near_duplicates.py,experiments.data_preparation.descan.audit_descan_near_duplicates,data_preparation,descan,descan,audit,Screen DESCAN Valid/Test clean patches for possible near duplicates.
experiments/data_preparation/descan/audit_descan_pairs.py,experiments.data_preparation.descan.audit_descan_pairs,data_preparation,descan,descan,audit,Audit paired DESCAN-18K validation/test archives without extracting them.
experiments/data_preparation/descan/prepare_descan_calibration.py,experiments.data_preparation.descan.prepare_descan_calibration,data_preparation,descan,descan,prepare,Download and verify the public paired DESCAN-18K validation/test archives.
experiments/data_preparation/dfd/audit_all_image_metadata.py,experiments.data_preparation.dfd.audit_all_image_metadata,data_preparation,dfd,dfd,audit,Collect per-image header metadata from the fully verified DFD B/W archive.
experiments/data_preparation/dfd/audit_color_fullpage_metadata.py,experiments.data_preparation.dfd.audit_color_fullpage_metadata,data_preparation,dfd,dfd,audit,Extract and inspect one complete DFD color TIFF per printer folder.
experiments/data_preparation/dfd/audit_color_inventory.py,experiments.data_preparation.dfd.audit_color_inventory,data_preparation,dfd,dfd,audit,Inventory the verified DFD color archive without extracting 25 GB of scans.
experiments/data_preparation/dfd/audit_color_links.py,experiments.data_preparation.dfd.audit_color_links,data_preparation,dfd,dfd,audit,Audit how cropped PNGs relate by name to DFD color whole-sheet TIFFs.
experiments/data_preparation/dfd/audit_color_non_tiff_fullpages.py,experiments.data_preparation.dfd.audit_color_non_tiff_fullpages,data_preparation,dfd,dfd,audit,Verify DFD color's six exceptional whole-page PNG scans and encoded DPI.
experiments/data_preparation/dfd/audit_color_scanner_pairs.py,experiments.data_preparation.dfd.audit_color_scanner_pairs,data_preparation,dfd,dfd,audit,Check image-content pairing for DFD's six exceptional full-page PNGs.
experiments/data_preparation/dfd/audit_halftone.py,experiments.data_preparation.dfd.audit_halftone,data_preparation,dfd,dfd,audit,Audit DFD's public B/W scanned-sheet archive without unpacking it.
experiments/data_preparation/dfd/prepare_color.ps1,,data_preparation,dfd,dfd,prepare,历史 PowerShell 入口；执行前核对长度/MD5/断点要求。
experiments/data_preparation/div2k/audit_scan_100_pairs.py,experiments.data_preparation.div2k.audit_scan_100_pairs,data_preparation,div2k,div2k,audit,"Full CRC, content-pair, and metadata audit for official DIV2K-SCAN XR test."
experiments/data_preparation/div2k/audit_scan_test.py,experiments.data_preparation.div2k.audit_scan_test,data_preparation,div2k,div2k,audit,Audit public DIV2K-SCAN iPhone XR test archive and three source probes.
experiments/data_preparation/div2k/prepare_original_pairs.py,experiments.data_preparation.div2k.prepare_original_pairs,data_preparation,div2k,div2k,prepare,CRC-verified HTTP Range extraction of original DIV2K validation images.
experiments/data_preparation/div2k/prepare_valid_hr.ps1,,data_preparation,div2k,div2k,prepare,历史 PowerShell 入口；执行前核对长度/MD5/断点要求。
experiments/data_preparation/dragotti/prepare_audit_bundle.py,experiments.data_preparation.dragotti.prepare_audit_bundle,data_preparation,dragotti,dragotti,prepare,Freeze the small verified Dragotti Range probe as one machine-readable record.
experiments/data_preparation/dragotti/prepare_range_members.py,experiments.data_preparation.dragotti.prepare_range_members,data_preparation,dragotti,dragotti,prepare,Extract a few verified members from Dragotti's public ZIP via HTTP Range.
experiments/data_preparation/imagenet_es/audit_remote_index.py,experiments.data_preparation.imagenet_es.audit_remote_index,data_preparation,imagenet_es,imagenet_es,audit,Audit ImageNet-ES's official remote ZIP central directory via HTTP Range.
experiments/data_preparation/imagenet_es/prepare_control_pairs.py,experiments.data_preparation.imagenet_es.prepare_control_pairs,data_preparation,imagenet_es,imagenet_es,prepare,Fetch a bounded set of official ImageNet-ES same-source aperture pairs.
experiments/data_preparation/imagenet_es/prepare_registry_aperture_registry.py,experiments.data_preparation.imagenet_es.prepare_registry_aperture_registry,data_preparation,imagenet_es,imagenet_es,prepare,Freeze the 20 ImageNet-ES aperture-development groups with local file hashes.
experiments/data_preparation/raw2event/audit_metadata_tar.py,experiments.data_preparation.raw2event.audit_metadata_tar,data_preparation,raw2event,raw2event,audit,Read the beginning of the official uncompressed metadata TAR by HTTP Range.
experiments/data_preparation/raw2event/audit_probe.py,experiments.data_preparation.raw2event.audit_probe,data_preparation,raw2event,raw2event,audit,Read-only structural and pixel audit of one official Raw2Event prefix.
experiments/data_preparation/raw2event/audit_tar_neighbors.py,experiments.data_preparation.raw2event.audit_tar_neighbors,data_preparation,raw2event,raw2event,audit,Read TAR member headers only via HTTP Range; never unpack whole archive.
experiments/data_preparation/raw2event/audit_tar_vs_direct.py,experiments.data_preparation.raw2event.audit_tar_vs_direct,data_preparation,raw2event,raw2event,audit,Compare one independently packaged Raw2Event RAW clip with direct views.
experiments/data_preparation/raw2event/prepare_download_cifar10_python.py,experiments.data_preparation.raw2event.prepare_download_cifar10_python,data_preparation,raw2event,raw2event,prepare,Fetch an official-MD5 CIFAR-10 archive mirror for exact stimulus lookup.
experiments/data_preparation/raw2event/prepare_download_first_raw_tar_member.py,experiments.data_preparation.raw2event.prepare_download_first_raw_tar_member,data_preparation,raw2event,raw2event,prepare,"Range-extract only the first raw TAR member, not its 17.9 GB archive."
experiments/data_preparation/raw2event/prepare_download_pair.py,experiments.data_preparation.raw2event.prepare_download_pair,data_preparation,raw2event,raw2event,prepare,Download and verify selected official Raw2Event RAW/RGB/metadata prefixes.
experiments/data_preparation/raw2event/prepare_download_phase_confirmation.py,experiments.data_preparation.raw2event.prepare_download_phase_confirmation,data_preparation,raw2event,raw2event,prepare,Fetch only the ten frozen phase-confirmation Raw2Event capture triples.
experiments/data_preparation/raw2event/prepare_download_process_split.py,experiments.data_preparation.raw2event.prepare_download_process_split,data_preparation,raw2event,raw2event,prepare,Download only frozen calibration/development Raw2Event capture prefixes.
experiments/data_preparation/raw2event/prepare_download_second_tar_member.py,experiments.data_preparation.raw2event.prepare_download_second_tar_member,data_preparation,raw2event,raw2event,prepare,Range-extract one independently selected RAW TAR member with a known direct counterpart.
experiments/data_preparation/raw2event/prepare_registry_phase_confirmation.py,experiments.data_preparation.raw2event.prepare_registry_phase_confirmation,data_preparation,raw2event,raw2event,prepare,"Freeze ten new, unopened Raw2Event sources for a single phase check."
experiments/data_preparation/raw2event/prepare_registry_process_split.py,experiments.data_preparation.raw2event.prepare_registry_process_split,data_preparation,raw2event,raw2event,prepare,"Freeze a small, content-disjoint process-calibration split before more videos."
experiments/data_preparation/raw2event/prepare_source_paths.py,experiments.data_preparation.raw2event.prepare_source_paths,data_preparation,raw2event,raw2event,prepare,Audit whether Raw2Event filenames deterministically identify CIFAR-10 sources.
experiments/data_preparation/rr/audit_manifest_provenance.py,experiments.data_preparation.rr.audit_manifest_provenance,data_preparation,rr,rr,audit,Summarize paired RR test provenance signals available from the verified manifest.
experiments/data_preparation/rr/audit_rewind_archive.py,experiments.data_preparation.rr.audit_rewind_archive,data_preparation,rr,rr,audit,Match ReWIND's image archive to its official CSV and verify extracted MD5s.
experiments/data_preparation/rr/audit_test.py,experiments.data_preparation.rr.audit_test,data_preparation,rr,rr,audit,Validate RRDataset test images and derive source-grouped inference manifests.
experiments/data_preparation/rr/audit_trainval_archive.py,experiments.data_preparation.rr.audit_trainval_archive,data_preparation,rr,rr,audit,Safely extract and index the verified RRDataset train/validation archive.
experiments/data_preparation/rr/prepare_registry_simulation_split.py,experiments.data_preparation.rr.prepare_registry_simulation_split,data_preparation,rr,rr,prepare,Record RR sources already used for simulation development and reserve the rest.
experiments/data_preparation/rr/prepare_test.py,experiments.data_preparation.rr.prepare_test,data_preparation,rr,rr,prepare,Safely extract the verified RRDataset test archive and index every file.
experiments/data_preparation/rr/prepare_trainval.ps1,,data_preparation,rr,rr,prepare,历史 PowerShell 入口；执行前核对长度/MD5/断点要求。
experiments/origin_detection/baselines/audit_bfree_crop_first.py,experiments.origin_detection.baselines.audit_bfree_crop_first,origin_detection,baselines,baselines,audit,Check patch-aligned crop-first B-Free logits against the original forward.
experiments/origin_detection/baselines/evaluate_bfree_by_dataset.py,experiments.origin_detection.baselines.evaluate_bfree_by_dataset,origin_detection,baselines,baselines,evaluate,Summarize local and published B-Free decisions by ReWIND upstream dataset.
experiments/origin_detection/baselines/evaluate_bfree_local.py,experiments.origin_detection.baselines.evaluate_bfree_local,origin_detection,baselines,baselines,evaluate,Compare locally inferred B-Free logits with QuAD's published per-file scores.
experiments/origin_detection/baselines/evaluate_matched_rr_pilot.py,experiments.origin_detection.baselines.evaluate_matched_rr_pilot,origin_detection,baselines,baselines,evaluate,Compare four baselines on one prespecified 600-source RRDataset pilot.
experiments/origin_detection/baselines/evaluate_published_logits.py,experiments.origin_detection.baselines.evaluate_published_logits,origin_detection,baselines,baselines,evaluate,Recompute single-image baselines from QuAD's published detector logits.
experiments/origin_detection/baselines/evaluate_rewind_available_subset.py,experiments.origin_detection.baselines.evaluate_rewind_available_subset,origin_detection,baselines,baselines,evaluate,Score the QuAD-published logits on files expected in its public ReWIND ZIP.
experiments/origin_detection/baselines/evaluate_rr_bfree.py,experiments.origin_detection.baselines.evaluate_rr_bfree,origin_detection,baselines,baselines,evaluate,Evaluate B-Free on every verified RRDataset test condition and paired source.
experiments/origin_detection/baselines/evaluate_rr_full_baselines.py,experiments.origin_detection.baselines.evaluate_rr_full_baselines,origin_detection,baselines,baselines,evaluate,Audit matched RRDataset predictions and compare full baseline results.
experiments/origin_detection/baselines/evaluate_rr_transfer_simulation_bfree.py,experiments.origin_detection.baselines.evaluate_rr_transfer_simulation_bfree,origin_detection,baselines,baselines,evaluate,Compare simulated and released transfer effects on fixed B-Free scores.
experiments/origin_detection/baselines/evaluate_summary_bfree_latency.py,experiments.origin_detection.baselines.evaluate_summary_bfree_latency,origin_detection,baselines,baselines,evaluate,Report ReWIND batch-one B-Free timings by patch-projection execution mode.
experiments/origin_detection/baselines/resume_rewind_bfree.ps1,,origin_detection,baselines,baselines,resume,历史 PowerShell 入口；执行前核对长度/MD5/断点要求。
experiments/origin_detection/baselines/resume_rr_bfree.ps1,,origin_detection,baselines,baselines,resume,历史 PowerShell 入口；执行前核对长度/MD5/断点要求。
experiments/origin_detection/baselines/run_benford_rr.py,experiments.origin_detection.baselines.run_benford_rr,origin_detection,baselines,baselines,run,DCT first-digit statistics plus random forest on RRDataset.
experiments/origin_detection/baselines/run_bfree.py,experiments.origin_detection.baselines.run_bfree,origin_detection,baselines,baselines,run,Run the unmodified B-Free network with per-image end-to-end timings.
experiments/origin_detection/baselines/run_d3_rr.py,experiments.origin_detection.baselines.run_d3_rr,origin_detection,baselines,baselines,run,Evaluate official D3 head and CLIP ViT-L/14 on RRDataset single images.
experiments/origin_detection/baselines/run_fourier_knn_rr.py,experiments.origin_detection.baselines.run_fourier_knn_rr,origin_detection,baselines,baselines,run,Adapt Dzanic et al.'s spectral features and 5-NN to RRDataset.
experiments/origin_detection/encoding_shortcuts/rr/audit_transformation_provenance.py,experiments.origin_detection.encoding_shortcuts.rr.audit_transformation_provenance,origin_detection,encoding_shortcuts,rr,audit,Audit observable encoding provenance of RR transformed test images.
experiments/origin_detection/encoding_shortcuts/rr/evaluate_format_control.py,experiments.origin_detection.encoding_shortcuts.rr.evaluate_format_control,origin_detection,encoding_shortcuts,rr,evaluate,"Apply the train/val format-only PNG→AI, JPEG→real rule to RR test."
experiments/origin_detection/encoding_shortcuts/rr/evaluate_metadata.py,experiments.origin_detection.encoding_shortcuts.rr.evaluate_metadata,origin_detection,encoding_shortcuts,rr,evaluate,Measure how much ReWIND labels leak through format and image dimensions.
experiments/origin_detection/encoding_shortcuts/rr/run_format_shortcut.py,experiments.origin_detection.encoding_shortcuts.rr.run_format_shortcut,origin_detection,encoding_shortcuts,rr,run,Quantify the RRDataset train/val label shortcut from decoded file format.
experiments/origin_detection/encoding_shortcuts/rr/run_oracle_codec_control.py,experiments.origin_detection.encoding_shortcuts.rr.run_oracle_codec_control,origin_detection,encoding_shortcuts,rr,run,Test how much of RR processing one resize/JPEG pass can explain.
experiments/origin_detection/integration/rr/run.py,experiments.origin_detection.integration.rr.run,origin_detection,integration,rr,run,Check small historical-score parity and real-weight region pipeline integration; not a benchmark.
experiments/origin_detection/platform_statistics/rr/audit_inputs.py,experiments.origin_detection.platform_statistics.rr.audit_inputs,origin_detection,platform_statistics,rr,audit,Characterize paired RR transformations without assigning unknown process labels.
experiments/origin_detection/platform_statistics/rr/audit_jpeg_profiles.py,experiments.origin_detection.platform_statistics.rr.audit_jpeg_profiles,origin_detection,platform_statistics,rr,audit,Match published RR JPEG quantization profiles to Pillow encodings.
experiments/origin_detection/platform_statistics/rr/audit_simulation_materialization.py,experiments.origin_detection.platform_statistics.rr.audit_simulation_materialization,origin_detection,platform_statistics,rr,audit,Verify rendered JPEGs reproduce the simulator's recorded paired features.
experiments/origin_detection/platform_statistics/rr/evaluate_simulator_critic.py,experiments.origin_detection.platform_statistics.rr.evaluate_simulator_critic,origin_detection,platform_statistics,rr,evaluate,Measure whether simple paired features distinguish real RR processing from simulation.
experiments/origin_detection/platform_statistics/rr/evaluate_transfer_geometry_effect.py,experiments.origin_detection.platform_statistics.rr.evaluate_transfer_geometry_effect,origin_detection,platform_statistics,rr,evaluate,Stratify frozen origin detectors by observed RR transfer geometry.
experiments/origin_detection/platform_statistics/rr/prepare_transfer_simulation.py,experiments.origin_detection.platform_statistics.rr.prepare_transfer_simulation,origin_detection,platform_statistics,rr,prepare,Write development-set transfer simulations for fixed-detector score tests.
experiments/origin_detection/platform_statistics/rr/protocol.py,experiments.origin_detection.platform_statistics.rr.protocol,origin_detection,platform_statistics,rr,protocol,Fit a class-blind resize/JPEG simulator and audit its held-out RR fidelity.
experiments/origin_detection/platform_statistics/rr/run_fidelity.py,experiments.origin_detection.platform_statistics.rr.run_fidelity,origin_detection,platform_statistics,rr,run,Run the historical RR resize/JPEG fidelity pilot; not device validation.
experiments/origin_detection/redigital_statistics/rr/audit_redigital_encoding_strata.py,experiments.origin_detection.redigital_statistics.rr.audit_redigital_encoding_strata,origin_detection,redigital_statistics,rr,audit,Describe RR redigital geometry by observable JPEG subsampling stratum.
experiments/origin_detection/redigital_statistics/rr/audit_redigital_label_encoding.py,experiments.origin_detection.redigital_statistics.rr.audit_redigital_label_encoding,origin_detection,redigital_statistics,rr,audit,Audit JPEG header profiles by source label in released RR redigital images.
experiments/origin_detection/redigital_statistics/rr/audit_redigital_spectrum.py,experiments.origin_detection.redigital_statistics.rr.audit_redigital_spectrum,origin_detection,redigital_statistics,rr,audit,Measure paired low/mid/high frequency changes in RR redigital strata.
experiments/origin_detection/redigital_statistics/rr/evaluate_redigital_420_color_critic.py,experiments.origin_detection.redigital_statistics.rr.evaluate_redigital_420_color_critic,origin_detection,redigital_statistics,rr,evaluate,Evaluate whether five paired features distinguish RR 4:2:0 from color simulation.
experiments/origin_detection/redigital_statistics/rr/evaluate_redigital_detector_strata.py,experiments.origin_detection.redigital_statistics.rr.evaluate_redigital_detector_strata,origin_detection,redigital_statistics,rr,evaluate,Describe fixed-detector degradation in RR JPEG subsampling strata.
experiments/origin_detection/redigital_statistics/rr/evaluate_redigital_spectral_critic.py,experiments.origin_detection.redigital_statistics.rr.evaluate_redigital_spectral_critic,origin_detection,redigital_statistics,rr,evaluate,Compare small RR redigital simulations with source-disjoint two-sample critics.
experiments/origin_detection/redigital_statistics/rr/run_color_pilot.py,experiments.origin_detection.redigital_statistics.rr.run_color_pilot,origin_detection,redigital_statistics,rr,run,Test a class-blind photometric simulator on RR's observable 4:2:0 stratum.
experiments/origin_detection/redigital_statistics/rr/run_spectral_pilot.py,experiments.origin_detection.redigital_statistics.rr.run_spectral_pilot,origin_detection,redigital_statistics,rr,run,Pilot a class-balanced phase-randomized residual for RR 4:2:0 images.
experiments/origin_detection/score_transfer/chimera/evaluate_bfree.py,experiments.origin_detection.score_transfer.chimera.evaluate_bfree,origin_detection,score_transfer,chimera,evaluate,Evaluate source-paired B-Free performance on verified Chimera recaptures.
experiments/origin_detection/score_transfer/chimera/evaluate_score_contraction.py,experiments.origin_detection.score_transfer.chimera.evaluate_score_contraction,origin_detection,score_transfer,chimera,evaluate,Separate score compression from common offset on frozen Chimera development.
experiments/origin_detection/score_transfer/chimera/evaluate_simulation_score_transfer.py,experiments.origin_detection.score_transfer.chimera.evaluate_simulation_score_transfer,origin_detection,score_transfer,chimera,evaluate,Compare fixed B-Free source-score changes on real vs composite proxy recaptures.
experiments/origin_detection/score_transfer/chimera/evaluate_size_control.py,experiments.origin_detection.score_transfer.chimera.evaluate_size_control,origin_detection,score_transfer,chimera,evaluate,Compare native and 256x256 Chimera recaptures under fixed B-Free weights.
experiments/print_capture/binary_channel/csgc/evaluate_cross_spi_four_sources.py,experiments.print_capture.binary_channel.csgc.evaluate_cross_spi_four_sources,print_capture,binary_channel,csgc,evaluate,Small falsification probe: transfer 2400-spi composite parameters to other SPI.
experiments/print_capture/binary_channel/csgc/evaluate_cross_spi_twelve_sources.py,experiments.print_capture.binary_channel.csgc.evaluate_cross_spi_twelve_sources,print_capture,binary_channel,csgc,evaluate,Fixed-parameter CSGC forward transfer on 12 cross-SPI digital templates.
experiments/print_capture/binary_channel/csgc/evaluate_forward.py,experiments.print_capture.binary_channel.csgc.evaluate_forward,print_capture,binary_channel,csgc,evaluate,Run physical-coordinate binary print-scan prototype on 850 held-out codes.
experiments/print_capture/binary_channel/csgc/evaluate_forward_residuals.py,experiments.print_capture.binary_channel.csgc.evaluate_forward_residuals,print_capture,binary_channel,csgc,evaluate,Probe held-out CSGC residual structure of the fixed forward prototype.
experiments/print_capture/binary_channel/csgc/evaluate_residual_conditioning.py,experiments.print_capture.binary_channel.csgc.evaluate_residual_conditioning,print_capture,binary_channel,csgc,evaluate,Diagnostic of which fixed-input structures explain CSGC forward residuals.
experiments/print_capture/binary_channel/csgc/fit_bounded_power_tone.py,experiments.print_capture.binary_channel.csgc.fit_bounded_power_tone,print_capture,binary_channel,csgc,fit,Diagnostic: can one bounded reflectance-plus-power curve explain CSGC?
experiments/print_capture/binary_channel/csgc/fit_effective_channel.py,experiments.print_capture.binary_channel.csgc.fit_effective_channel,print_capture,binary_channel,csgc,fit,Estimate a *composite* blur/linear-tone diagnostic on known CSGC pairs.
experiments/print_capture/binary_channel/csgc/fit_nonlinear_tone.py,experiments.print_capture.binary_channel.csgc.fit_nonlinear_tone,print_capture,binary_channel,csgc,fit,Test a bounded monotone *composite* transfer on held-out CSGC templates.
experiments/print_capture/color_halftone/dfd/run_color_fullpage_tile.py,experiments.print_capture.color_halftone.dfd.run_color_fullpage_tile,print_capture,color_halftone,dfd,run,Measure one color tile and blank-paper control in an 800-ppi DFD full scan.
experiments/print_capture/color_halftone/dfd/run_color_matched_printers.py,experiments.print_capture.color_halftone.dfd.run_color_matched_printers,print_capture,color_halftone,dfd,run,Same-named color chart/driver setting across two HP CLJ5550 printer IDs.
experiments/print_capture/color_halftone/dfd/run_color_multitile_transfer.py,experiments.print_capture.color_halftone.dfd.run_color_multitile_transfer,print_capture,color_halftone,dfd,run,Pre-fixed four-color ROI spectral peaks across D5/D6 same nominal print setup.
experiments/print_capture/color_halftone/dfd/run_color_sample_spectra.py,experiments.print_capture.color_halftone.dfd.run_color_sample_spectra,print_capture,color_halftone,dfd,run,Exploratory 2D spectra of one selected DFD color scan per printer folder.
experiments/print_capture/gray_halftone/dfd/evaluate_print_scan_prototype.py,experiments.print_capture.gray_halftone.dfd.evaluate_print_scan_prototype,print_capture,gray_halftone,dfd,evaluate,"One fixed-condition sanity comparison, not a calibrated printer validation."
experiments/print_capture/gray_halftone/dfd/run_lattice_forward_transfer.py,experiments.print_capture.gray_halftone.dfd.run_lattice_forward_transfer,print_capture,gray_halftone,dfd,run,Calibrate one effective square halftone lattice on D5; predict D6 peaks.
experiments/print_capture/gray_halftone/dfd/run_resampling_peak_probe.py,experiments.print_capture.gray_halftone.dfd.run_resampling_peak_probe,print_capture,gray_halftone,dfd,run,Check whether publication-like resizing can erase genuine print lattices.
experiments/print_capture/gray_halftone/dfd/run_scanner_pair.py,experiments.print_capture.gray_halftone.dfd.run_scanner_pair,print_capture,gray_halftone,dfd,run,Extract two scanner-labeled copies of one DFD print for a visual audit.
experiments/print_capture/gray_halftone/dfd/run_tile_control.py,experiments.print_capture.gray_halftone.dfd.run_tile_control,print_capture,gray_halftone,dfd,run,Compare a printed uniform tile with blank paper in one DFD scan.
experiments/print_capture/gray_halftone/dfd/run_tone_lattice.py,experiments.print_capture.gray_halftone.dfd.run_tone_lattice,print_capture,gray_halftone,dfd,run,Observed peak stability across gray tiles in two matched DFD P3 scans.
experiments/print_capture/integration/synthetic/audit_print_scan_convergence.py,experiments.print_capture.integration.synthetic.audit_print_scan_convergence,print_capture,integration,synthetic,audit,Check the prototype's internal fine-grid convergence on a virtual patch.
experiments/print_capture/paper_response/div2k/run_photo_paper.py,experiments.print_capture.paper_response.div2k.run_photo_paper,print_capture,paper_response,div2k,run,Fixed continuous-tone print hypothesis on the three verified DIV2K-SCAN pairs.
experiments/print_capture/paper_response/div2k/run_print_camera.py,experiments.print_capture.paper_response.div2k.run_print_camera,print_capture,paper_response,div2k,run,"Fixed-parameter, non-calibrated print->paper->camera probe on three real pairs."
experiments/print_capture/paper_response/div2k/run_print_hypotheses_100.py,experiments.print_capture.paper_response.div2k.run_print_hypotheses_100,print_capture,paper_response,div2k,run,"Fixed, uncalibrated print->camera hypotheses on audited DIV2K-SCAN pairs."
experiments/print_capture/print_signatures/descan/evaluate_descan_print_signatures.py,experiments.print_capture.print_signatures.descan.evaluate_descan_print_signatures,print_capture,print_signatures,descan,evaluate,"Predefined, content-gated DESCAN print/scan observations; no model fit."
experiments/print_capture/print_signatures/descan/run_color_print_scan_descan.py,experiments.print_capture.print_signatures.descan.run_color_print_scan_descan,print_capture,print_signatures,descan,run,Fixed-parameter color-print prototype versus selected real DESCAN tiles.
experiments/projection_capture/chart_response/compennet/benchmark_forward_speed.py,experiments.projection_capture.chart_response.compennet.benchmark_forward_speed,projection_capture,chart_response,compennet,benchmark,CPU simulation-kernel timing on one 256px CompenNet input.
experiments/projection_capture/chart_response/compennet/evaluate_light_setups.py,experiments.projection_capture.chart_response.compennet.evaluate_light_setups,projection_capture,chart_response,compennet,evaluate,Compare true structured-light decodes on two cloud_np CompenNet++ setups.
experiments/projection_capture/chart_response/compennet/evaluate_residuals.py,experiments.projection_capture.chart_response.compennet.evaluate_residuals,projection_capture,chart_response,compennet,evaluate,Diagnose where uniform-chart prediction fails on real projected textures.
experiments/projection_capture/chart_response/compennet/protocol.py,experiments.projection_capture.chart_response.compennet.protocol,projection_capture,chart_response,compennet,protocol,Test chart-only projector forward models on held-out textured inputs.
experiments/projection_capture/chart_response/compennet/run_channel_basis.py,experiments.projection_capture.chart_response.compennet.run_channel_basis,projection_capture,chart_response,compennet,run,Falsify an additive projector-channel/surface-mixing hypothesis.
experiments/projection_capture/chart_response/compennet/run_channel_transfer.py,experiments.projection_capture.chart_response.compennet.run_channel_transfer,projection_capture,chart_response,compennet,run,Transfer pure-channel tone curves while recalibrating four target charts.
experiments/projection_capture/chart_response/compennet/run_chart_model.py,experiments.projection_capture.chart_response.compennet.run_chart_model,projection_capture,chart_response,compennet,run,Test chart-only projector forward models on held-out textured inputs.
experiments/projection_capture/chart_response/compennet/run_full_lut.py,experiments.projection_capture.chart_response.compennet.run_full_lut,projection_capture,chart_response,compennet,run,High-capacity pixelwise 3D-LUT control for the chart-only forward probe.
experiments/projection_capture/chart_response/compennet/run_transfer.py,experiments.projection_capture.chart_response.compennet.run_transfer,projection_capture,chart_response,compennet,run,Can a chart-calibrated effective projector response transfer to another setup?
experiments/projection_capture/raw_response/compennetpp/evaluate_cross_setup_display.py,experiments.projection_capture.raw_response.compennetpp.evaluate_cross_setup_display,projection_capture,raw_response,compennetpp,evaluate,Does the source-image display transform transfer to a second real setup?
experiments/projection_capture/raw_response/compennetpp/evaluate_display_fit_identifiability.py,experiments.projection_capture.raw_response.compennetpp.evaluate_display_fit_identifiability,projection_capture,raw_response,compennetpp,evaluate,Separate display-placement optimization from photometric-model error.
experiments/projection_capture/raw_response/compennetpp/evaluate_neutral_tone.py,experiments.projection_capture.raw_response.compennetpp.evaluate_neutral_tone,projection_capture,raw_response,compennetpp,evaluate,Predefined gray-ramp tone hypotheses on frozen CompenNet++ test pairs.
experiments/projection_capture/raw_response/compennetpp/evaluate_raw_forward_pilot.py,experiments.projection_capture.raw_response.compennetpp.evaluate_raw_forward_pilot,projection_capture,raw_response,compennetpp,evaluate,Pilot forward projection test in native camera coordinates.
experiments/projection_capture/structured_light/compennetpp/evaluate_geometry_surrogates.py,experiments.projection_capture.structured_light.compennetpp.evaluate_geometry_surrogates,projection_capture,structured_light,compennetpp,evaluate,Hold out camera tiles when fitting effective projector-camera geometry.
experiments/projection_capture/structured_light/compennetpp/prepare_sl_one_setup.py,experiments.projection_capture.structured_light.compennetpp.prepare_sl_one_setup,projection_capture,structured_light,compennetpp,prepare,Decode one real projector-camera Gray-code capture sequence.
experiments/projection_capture/structured_light/compennetpp/protocol.py,experiments.projection_capture.structured_light.compennetpp.protocol,projection_capture,structured_light,compennetpp,protocol,Decode one real projector-camera Gray-code capture sequence.
experiments/screen_capture/aliasing/dragotti/audit_diffraction_alias_budget.py,experiments.screen_capture.aliasing.dragotti.audit_diffraction_alias_budget,screen_capture,aliasing,dragotti,audit,Conditional diffraction/alias budget for Dragotti EOS600D recapture.
experiments/screen_capture/aliasing/dragotti/run_alias.py,experiments.screen_capture.aliasing.dragotti.run_alias,screen_capture,aliasing,dragotti,run,Conservative screen-lattice alias probe on verified Dragotti color-chart crops.
experiments/screen_capture/aliasing/dragotti/run_diffraction_otf.py,experiments.screen_capture.aliasing.dragotti.run_diffraction_otf,screen_capture,aliasing,dragotti,run,Conditional ideal diffraction cutoff for a published recapture setting.
experiments/screen_capture/aliasing/dragotti/run_predicted_alias_spectrum.py,experiments.screen_capture.aliasing.dragotti.run_predicted_alias_spectrum,screen_capture,aliasing,dragotti,run,Exploratory screen-grid alias-band probe on verified real recaptures.
experiments/screen_capture/cfa_phase/raw2event/evaluate_phase_confirmation.py,experiments.screen_capture.cfa_phase.raw2event.evaluate_phase_confirmation,screen_capture,cfa_phase,raw2event,evaluate,One-pass source-disjoint confirmation of the frozen Raw2Event CFA hypotheses.
experiments/screen_capture/cfa_phase/raw2event/evaluate_summary_cfa_phase.py,experiments.screen_capture.cfa_phase.raw2event.evaluate_summary_cfa_phase,screen_capture,cfa_phase,raw2event,evaluate,Source-level paired descriptions for the exploratory CFA phase probe.
experiments/screen_capture/cfa_phase/raw2event/evaluate_summary_phase_confirmation.py,experiments.screen_capture.cfa_phase.raw2event.evaluate_summary_phase_confirmation,screen_capture,cfa_phase,raw2event,evaluate,"Paired, source-level summary of the one-pass phase confirmation sample."
experiments/screen_capture/cfa_phase/raw2event/run_cfa_phase.py,experiments.screen_capture.cfa_phase.raw2event.run_cfa_phase,screen_capture,cfa_phase,raw2event,run,Four CFA phase hypotheses on the same cached screen irradiance fields.
experiments/screen_capture/cfa_phase/raw2event/run_flat_field_grid.py,experiments.screen_capture.cfa_phase.raw2event.run_flat_field_grid,screen_capture,cfa_phase,raw2event,run,Exploratory LCD-grid spectral check in blank top bands of real RAW frames.
experiments/screen_capture/cfa_phase/raw2event/run_grid_phase_motion.py,experiments.screen_capture.cfa_phase.raw2event.run_grid_phase_motion,screen_capture,cfa_phase,raw2event,run,Check whether a flat-field spectral peak follows screen motion or sensor.
experiments/screen_capture/cfa_phase/raw2event/run_temporal_lag_control.py,experiments.screen_capture.cfa_phase.raw2event.run_temporal_lag_control,screen_capture,cfa_phase,raw2event,run,Test whether flat-region temporal residuals grow with frame lag.
experiments/screen_capture/cfa_phase/raw2event/run_temporal_residual.py,experiments.screen_capture.cfa_phase.raw2event.run_temporal_residual,screen_capture,cfa_phase,raw2event,run,Explore temporal RAW differences in locally flat CFA planes.
experiments/screen_capture/display_sampling/raw2event/evaluate_display_prefilter.py,experiments.screen_capture.display_sampling.raw2event.evaluate_display_prefilter,screen_capture,display_sampling,raw2event,evaluate,Evaluate a fixed fast display-prefilter numerical approximation on real ROIs.
experiments/screen_capture/display_sampling/raw2event/run_display_identifiability.py,experiments.screen_capture.display_sampling.raw2event.run_display_identifiability,screen_capture,display_sampling,raw2event,run,Explore whether virtual display pitch and blur are identifiable from known RAW.
experiments/screen_capture/display_sampling/raw2event/run_fine_convergence.py,experiments.screen_capture.display_sampling.raw2event.run_fine_convergence,screen_capture,display_sampling,raw2event,run,Check whether the fast-vs-fine spectral gap comes from fine-grid aliasing.
experiments/screen_capture/display_sampling/synthetic/audit_alias_aperture_sweep.py,experiments.screen_capture.display_sampling.synthetic.audit_alias_aperture_sweep,screen_capture,display_sampling,synthetic,audit,Check coupled screen-grid and image-detail response of the prototype.
experiments/screen_capture/display_sampling/synthetic/benchmark_analytic.py,experiments.screen_capture.display_sampling.synthetic.benchmark_analytic,screen_capture,display_sampling,synthetic,benchmark,Compare the analytic frontal Gaussian screen renderer with fine quadrature.
experiments/screen_capture/display_sampling/synthetic/run_airy_alias.py,experiments.screen_capture.display_sampling.synthetic.run_airy_alias,screen_capture,display_sampling,synthetic,run,Structural Airy/alias sweep at conditional LCD projection pitches.
experiments/screen_capture/display_sampling/synthetic/run_aperture_alias_noise_tradeoff.py,experiments.screen_capture.display_sampling.synthetic.run_aperture_alias_noise_tradeoff,screen_capture,display_sampling,synthetic,run,Virtual aperture intervention: presampling LCD alias and photon budget.
experiments/screen_capture/display_sampling/synthetic/run_aperture_throughput.py,experiments.screen_capture.display_sampling.synthetic.run_aperture_throughput,screen_capture,display_sampling,synthetic,run,"Ideal fixed-geometry aperture/exposure intervention, not device calibration."
experiments/screen_capture/display_sampling/synthetic/run_display_prefilter.py,experiments.screen_capture.display_sampling.synthetic.run_display_prefilter,screen_capture,display_sampling,synthetic,run,Prototype a fast tilted-screen display-raster prefilter approximation.
experiments/screen_capture/display_sampling/synthetic/run_display_prefilter_stress.py,experiments.screen_capture.display_sampling.synthetic.run_display_prefilter_stress,screen_capture,display_sampling,synthetic,run,Stress the fast display-prefilter candidate beyond near-front-facing poses.
experiments/screen_capture/display_sampling/synthetic/run_projective_convergence.py,experiments.screen_capture.display_sampling.synthetic.run_projective_convergence,screen_capture,display_sampling,synthetic,run,Check numerical convergence before designing a fast tilted-screen renderer.
experiments/screen_capture/exposure_response/imagenet_es/evaluate_aperture_pairs.py,experiments.screen_capture.exposure_response.imagenet_es.evaluate_aperture_pairs,screen_capture,exposure_response,imagenet_es,evaluate,External JPEG-level aperture intervention check on fixed-source pairs.
experiments/screen_capture/exposure_response/imagenet_es/evaluate_iso_aperture.py,experiments.screen_capture.exposure_response.imagenet_es.evaluate_iso_aperture,screen_capture,exposure_response,imagenet_es,evaluate,Check aperture/ISO interventions at the JPEG layer on frozen sources.
experiments/screen_capture/exposure_response/imagenet_es/evaluate_tone_holdout.py,experiments.screen_capture.exposure_response.imagenet_es.evaluate_tone_holdout,screen_capture,exposure_response,imagenet_es,evaluate,Apply a frozen effective JPEG law to never-fit ImageNet-ES source classes.
experiments/screen_capture/exposure_response/imagenet_es/fit_effective_tone.py,experiments.screen_capture.exposure_response.imagenet_es.fit_effective_tone,screen_capture,exposure_response,imagenet_es,fit,Falsify a one-parameter-linked effective JPEG tone law on screen pairs.
experiments/screen_capture/focus_response/fdnet/audit_fdnet_real_pairs.py,experiments.screen_capture.focus_response.fdnet.audit_fdnet_real_pairs,screen_capture,focus_response,fdnet,audit,Fetch and verify the small real-screen focus/defocus examples in FDNet authors' repo.
experiments/screen_capture/focus_response/fdnet/evaluate_fdnet_focus_pairs.py,experiments.screen_capture.focus_response.fdnet.evaluate_fdnet_focus_pairs,screen_capture,focus_response,fdnet,evaluate,Small exploratory optical-focus intervention audit on FDNet author's examples.
experiments/screen_capture/focus_response/fdnet/plot_fdnet_focus_comparison.py,experiments.screen_capture.focus_response.fdnet.plot_fdnet_focus_comparison,screen_capture,focus_response,fdnet,plot,"Render a small, attributed visual comparison of verified author examples."
experiments/screen_capture/focus_response/synthetic/run_focus_before_vs_after_sampling.py,experiments.screen_capture.focus_response.synthetic.run_focus_before_vs_after_sampling,screen_capture,focus_response,synthetic,run,Counterexample: pre-sensor optical blur vs post-capture Gaussian blur.
experiments/screen_capture/focus_response/synthetic/run_focused_diffraction_boundary.py,experiments.screen_capture.focus_response.synthetic.run_focused_diffraction_boundary,screen_capture,focus_response,synthetic,run,Compare wave prefilter and fine integration away from optical crop edges.
experiments/screen_capture/focus_response/synthetic/run_focused_diffraction_prefilter.py,experiments.screen_capture.focus_response.synthetic.run_focused_diffraction_prefilter,screen_capture,focus_response,synthetic,run,Numerical check of fast wave prefilter for in-focus high-f-number cases.
experiments/screen_capture/focus_response/synthetic/run_physical_focus_display_lattice.py,experiments.screen_capture.focus_response.synthetic.run_physical_focus_display_lattice,screen_capture,focus_response,synthetic,run,Virtual physical focus intervention with coupled projection and optical PSF.
experiments/screen_capture/geometry/chimera/run_observables.py,experiments.screen_capture.geometry.chimera.run_observables,screen_capture,geometry,chimera,run,Measure preregistered output observables on nonreserved Chimera pairs.
experiments/screen_capture/geometry/chimera/run_registration.py,experiments.screen_capture.geometry.chimera.run_registration,screen_capture,geometry,chimera,run,Probe content registration of Chimera published recaptures at common size.
experiments/screen_capture/geometry/dragotti/audit_pairs.py,experiments.screen_capture.geometry.dragotti.audit_pairs,screen_capture,geometry,dragotti,audit,"Audit a small same-content, cross-camera Dragotti recapture probe."
experiments/screen_capture/geometry/dragotti/evaluate_cross_scene.py,experiments.screen_capture.geometry.dragotti.evaluate_cross_scene,screen_capture,geometry,dragotti,evaluate,Package verified Dragotti cross-scene probe records for inspection.
experiments/screen_capture/isp_transfer/raw2event/run_isp_transfer.py,experiments.screen_capture.isp_transfer.raw2event.run_isp_transfer,screen_capture,isp_transfer,raw2event,run,Fit a minimal RAW-to-RGB color chain on one Raw2Event prefix; test on another.
experiments/screen_capture/photometry/chimera/evaluate_composite_photometry.py,experiments.screen_capture.photometry.chimera.evaluate_composite_photometry,screen_capture,photometry,chimera,evaluate,Calibrate a shared RGB response after fixed post-crop geometry alignment.
experiments/screen_capture/photometry/chimera/evaluate_effective_blur_proxy.py,experiments.screen_capture.photometry.chimera.evaluate_effective_blur_proxy,screen_capture,photometry,chimera,evaluate,Test a frozen Gaussian effective-blur proxy after geometry/color calibration.
experiments/screen_capture/photometry/chimera/evaluate_fixed_publication_geometry.py,experiments.screen_capture.photometry.chimera.evaluate_fixed_publication_geometry,screen_capture,photometry,chimera,evaluate,Test whether one fixed post-crop affine warp transfers to unseen content.
experiments/screen_capture/photometry/chimera/evaluate_luma_sharpen_hypothesis.py,experiments.screen_capture.photometry.chimera.evaluate_luma_sharpen_hypothesis,screen_capture,photometry,chimera,evaluate,Falsify simple post-tone luma sharpening against native Chimera recaptures.
experiments/screen_capture/photometry/chimera/prepare_composite_simulation.py,experiments.screen_capture.photometry.chimera.prepare_composite_simulation,screen_capture,photometry,chimera,prepare,Materialize the frozen geometry/color/blur proxy on development sources.
experiments/screen_capture/photometry/chimera/protocol.py,experiments.screen_capture.photometry.chimera.protocol,screen_capture,photometry,chimera,protocol,Calibrate a shared RGB response after fixed post-crop geometry alignment.
experiments/screen_capture/raw_geometry/raw2event/audit_content_feature_geometry.py,experiments.screen_capture.raw_geometry.raw2event.audit_content_feature_geometry,screen_capture,raw_geometry,raw2event,audit,Independent full-frame feature check of frozen calibration RAW/RGB affine.
experiments/screen_capture/raw_geometry/raw2event/audit_sensor_geometry.py,experiments.screen_capture.raw_geometry.raw2event.audit_sensor_geometry,screen_capture,raw_geometry,raw2event,audit,Check whether one calibration-only RAW-to-ISP transform transfers to new captures.
experiments/screen_capture/raw_geometry/raw2event/audit_split_content.py,experiments.screen_capture.raw_geometry.raw2event.audit_split_content,screen_capture,raw_geometry,raw2event,audit,Independently test the filename-to-CIFAR mapping on frozen captured sources.
experiments/screen_capture/raw_geometry/raw2event/audit_split_first_frames.py,experiments.screen_capture.raw_geometry.raw2event.audit_split_first_frames,screen_capture,raw_geometry,raw2event,audit,Audit the first frames of the frozen Raw2Event calibration/development split.
experiments/screen_capture/raw_geometry/raw2event/evaluate_geometry_transfer.py,experiments.screen_capture.raw_geometry.raw2event.evaluate_geometry_transfer,screen_capture,raw_geometry,raw2event,evaluate,Exploratory RAW prediction change from replacing unstable per-Tag extrapolation.
experiments/screen_capture/raw_geometry/raw2event/evaluate_global_geometry_process.py,experiments.screen_capture.raw_geometry.raw2event.evaluate_global_geometry_process,screen_capture,raw_geometry,raw2event,evaluate,Recalibrate effective RAW counts after replacing RAW/RGB Tag extrapolation.
experiments/screen_capture/raw_geometry/raw2event/evaluate_raw_registration.py,experiments.screen_capture.raw_geometry.raw2event.evaluate_raw_registration,screen_capture,raw_geometry,raw2event,evaluate,"Target-RAW geometry upper bound; diagnostic only, never a heldout score."
experiments/screen_capture/raw_geometry/raw2event/fit_content_geometry.py,experiments.screen_capture.raw_geometry.raw2event.fit_content_geometry,screen_capture,raw_geometry,raw2event,fit,Diagnose content registration using known source and captured ISP-RGB only.
experiments/screen_capture/raw_geometry/raw2event/plot_registration_diagnostic.py,experiments.screen_capture.raw_geometry.raw2event.plot_registration_diagnostic,screen_capture,raw_geometry,raw2event,plot,Visualize selected source/RGB/RAW registration failures for diagnosis.
experiments/screen_capture/source_matching/raw2event/protocol.py,experiments.screen_capture.source_matching.raw2event.protocol,screen_capture,source_matching,raw2event,protocol,Search the MD5-verified official CIFAR-10 archive for captured screen stimuli.
experiments/screen_capture/source_matching/raw2event/run_cifar_source.py,experiments.screen_capture.source_matching.raw2event.run_cifar_source,screen_capture,source_matching,raw2event,run,Search the MD5-verified official CIFAR-10 archive for captured screen stimuli.
experiments/screen_capture/source_to_raw/raw2event/evaluate_split.py,experiments.screen_capture.source_to_raw.raw2event.evaluate_split,screen_capture,source_to_raw,raw2event,evaluate,Frozen 10/10 cross-content RAW test for the screen forward renderer.
experiments/screen_capture/source_to_raw/raw2event/evaluate_split_comparison.py,experiments.screen_capture.source_to_raw.raw2event.evaluate_split_comparison,screen_capture,source_to_raw,raw2event,evaluate,Paired descriptive analysis of the frozen Raw2Event forward-RAW probes.
experiments/screen_capture/source_to_raw/raw2event/protocol.py,experiments.screen_capture.source_to_raw.raw2event.protocol,screen_capture,source_to_raw,raw2event,protocol,Shared source-to-RAW preparation under the frozen virtual display assumptions.
experiments/screen_capture/source_to_raw/raw2event/run_two_sources.py,experiments.screen_capture.source_to_raw.raw2event.run_two_sources,screen_capture,source_to_raw,raw2event,run,Test the existing screen forward renderer against two known-source real RAW frames.
experiments/screen_capture/source_to_rgb/chimera/evaluate_virtual_mac.py,experiments.screen_capture.source_to_rgb.chimera.evaluate_virtual_mac,screen_capture,source_to_rgb,chimera,evaluate,Evaluate one frozen virtual forward chain against paired real Chimera Mac recaptures.
experiments/screen_capture/source_to_rgb/chimera/fit_virtual_effective_mac.py,experiments.screen_capture.source_to_rgb.chimera.fit_virtual_effective_mac,screen_capture,source_to_rgb,chimera,fit,Fit only effective exposure/blur to real RGB observables on calibration IDs.
experiments/screen_capture/source_to_rgb/chimera/prepare_virtual_mac.py,experiments.screen_capture.source_to_rgb.chimera.prepare_virtual_mac,screen_capture,source_to_rgb,chimera,prepare,"Render a frozen, unfitted screen-camera hypothesis on Chimera development."
experiments/screen_capture/spectral_response/raw2event/evaluate_spectral_mix.py,experiments.screen_capture.spectral_response.raw2event.evaluate_spectral_mix,screen_capture,spectral_response,raw2event,evaluate,Fit effective display-primary to RAW-CFA coupling on frozen calibration sources.
experiments/screen_capture/spectral_response/raw2event/protocol.py,experiments.screen_capture.spectral_response.raw2event.protocol,screen_capture,spectral_response,raw2event,protocol,Fit effective display-primary to RAW-CFA coupling on frozen calibration sources.
experiments/screen_capture/spectral_structure/chimera/evaluate_highband_confounders.py,experiments.screen_capture.spectral_structure.chimera.evaluate_highband_confounders,screen_capture,spectral_structure,chimera,evaluate,Test whether native high-band excess tracks source content and scene.
experiments/screen_capture/spectral_structure/chimera/protocol.py,experiments.screen_capture.spectral_structure.chimera.protocol,screen_capture,spectral_structure,chimera,protocol,Search for repeatable native-pixel spectral peaks in true screen recaptures.
experiments/screen_capture/spectral_structure/chimera/run_native_bandpower.py,experiments.screen_capture.spectral_structure.chimera.run_native_bandpower,screen_capture,spectral_structure,chimera,run,Contrast native recapture high-band power with pure digital resampling.
experiments/screen_capture/spectral_structure/chimera/run_native_channel_coherence.py,experiments.screen_capture.spectral_structure.chimera.run_native_channel_coherence,screen_capture,spectral_structure,chimera,run,Compare high-band RGB channel coherence in real recapture and digital controls.
experiments/screen_capture/spectral_structure/chimera/run_native_frequency.py,experiments.screen_capture.spectral_structure.chimera.run_native_frequency,screen_capture,spectral_structure,chimera,run,Search for repeatable native-pixel spectral peaks in true screen recaptures.
experiments/screen_capture/spectral_structure/chimera/run_residual_spectrum.py,experiments.screen_capture.spectral_structure.chimera.run_residual_spectrum,screen_capture,spectral_structure,chimera,run,Probe unfitted real-minus-proxy spatial residuals on development sources.
experiments/screen_capture/wave_optics/synthetic/audit_wave_prefilter_cli.py,experiments.screen_capture.wave_optics.synthetic.audit_wave_prefilter_cli,screen_capture,wave_optics,synthetic,audit,Exercise the public single-image CLI for the bounded wave prefilter path.
experiments/screen_capture/wave_optics/synthetic/benchmark_wave_defocus_render.py,experiments.screen_capture.wave_optics.synthetic.benchmark_wave_defocus_render,screen_capture,wave_optics,synthetic,benchmark,Measure first/repeated forward-render cost for the two optical branches.
experiments/screen_capture/wave_optics/synthetic/benchmark_wave_prefilter_tiled.py,experiments.screen_capture.wave_optics.synthetic.benchmark_wave_prefilter_tiled,screen_capture,wave_optics,synthetic,benchmark,Virtual larger-frame wave prefilter tile seam and runtime probe.
experiments/screen_capture/wave_optics/synthetic/plot_wave_optical_defocus.py,experiments.screen_capture.wave_optics.synthetic.plot_wave_optical_defocus,screen_capture,wave_optics,synthetic,plot,Visualize optical-PSF approximation error under one virtual setup.
experiments/screen_capture/wave_optics/synthetic/run_wave_display_prefilter.py,experiments.screen_capture.wave_optics.synthetic.run_wave_display_prefilter,screen_capture,wave_optics,synthetic,run,Experimental fast display-domain integration of a wave-optical screen PSF.
experiments/screen_capture/wave_optics/synthetic/run_wave_optical_defocus_psf.py,experiments.screen_capture.wave_optics.synthetic.run_wave_optical_defocus_psf,screen_capture,wave_optics,synthetic,run,Compare a scalar circular-pupil PSF to the current Airy*disk approximation.
experiments/screen_capture/wave_optics/synthetic/run_wave_prefilter_scale.py,experiments.screen_capture.wave_optics.synthetic.run_wave_prefilter_scale,screen_capture,wave_optics,synthetic,run,Independent virtual display-scale and emitter-fill stress for wave prefilter.
