previous_path,current_entry,extracted_modules
experiments/baselines/benford_rr.py,experiments/origin_detection/baselines/run_benford_rr.py,
experiments/baselines/compare_rr_full_baselines.py,experiments/origin_detection/baselines/evaluate_rr_full_baselines.py,
experiments/baselines/continue_bfree.ps1,experiments/origin_detection/baselines/resume_rewind_bfree.ps1,
experiments/baselines/continue_rr_bfree.ps1,experiments/origin_detection/baselines/resume_rr_bfree.ps1,
experiments/baselines/evaluate_bfree_by_dataset.py,experiments/origin_detection/baselines/evaluate_bfree_by_dataset.py,
experiments/baselines/evaluate_bfree_local.py,experiments/origin_detection/baselines/evaluate_bfree_local.py,
experiments/baselines/evaluate_matched_rr_pilot.py,experiments/origin_detection/baselines/evaluate_matched_rr_pilot.py,
experiments/baselines/evaluate_rr_bfree.py,experiments/origin_detection/baselines/evaluate_rr_bfree.py,
experiments/baselines/evaluate_rr_transfer_simulation_bfree.py,experiments/origin_detection/baselines/evaluate_rr_transfer_simulation_bfree.py,
experiments/baselines/fourier_knn_rr.py,experiments/origin_detection/baselines/run_fourier_knn_rr.py,
experiments/baselines/run_bfree_baseline.py,experiments/origin_detection/baselines/run_bfree.py,
experiments/baselines/run_d3_rr.py,experiments/origin_detection/baselines/run_d3_rr.py,
experiments/baselines/score_published_logits.py,experiments/origin_detection/baselines/evaluate_published_logits.py,
experiments/baselines/score_rewind_available_subset.py,experiments/origin_detection/baselines/evaluate_rewind_available_subset.py,
experiments/baselines/summarize_bfree_latency.py,experiments/origin_detection/baselines/evaluate_summary_bfree_latency.py,
experiments/baselines/validate_bfree_crop_first.py,experiments/origin_detection/baselines/audit_bfree_crop_first.py,
experiments/chimera/analyze_chimera_highband_confounders.py,experiments/screen_capture/spectral_structure/chimera/evaluate_highband_confounders.py,
experiments/chimera/analyze_chimera_score_contraction.py,experiments/origin_detection/score_transfer/chimera/evaluate_score_contraction.py,
experiments/chimera/audit_chimera_archive.py,experiments/data_preparation/chimera/audit_archive.py,
experiments/chimera/check_chimera_content_pairs.py,experiments/data_preparation/chimera/audit_content_pairs.py,
experiments/chimera/download_chimera_data_ranges.py,experiments/data_preparation/chimera/prepare_data_ranges.py,
experiments/chimera/evaluate_chimera_bfree.py,experiments/origin_detection/score_transfer/chimera/evaluate_bfree.py,
experiments/chimera/evaluate_chimera_composite_photometry.py,experiments/screen_capture/photometry/chimera/evaluate_composite_photometry.py,experiments/screen_capture/photometry/chimera/protocol.py
experiments/chimera/evaluate_chimera_effective_blur_proxy.py,experiments/screen_capture/photometry/chimera/evaluate_effective_blur_proxy.py,
experiments/chimera/evaluate_chimera_fixed_publication_geometry.py,experiments/screen_capture/photometry/chimera/evaluate_fixed_publication_geometry.py,
experiments/chimera/evaluate_chimera_simulation_score_transfer.py,experiments/origin_detection/score_transfer/chimera/evaluate_simulation_score_transfer.py,
experiments/chimera/evaluate_chimera_size_control.py,experiments/origin_detection/score_transfer/chimera/evaluate_size_control.py,
experiments/chimera/evaluate_chimera_virtual_screen_mac.py,experiments/screen_capture/source_to_rgb/chimera/evaluate_virtual_mac.py,
experiments/chimera/fit_chimera_virtual_screen_effective_mac.py,experiments/screen_capture/source_to_rgb/chimera/fit_virtual_effective_mac.py,
experiments/chimera/freeze_chimera_simulation_split.py,experiments/data_preparation/chimera/prepare_registry_simulation_split.py,
experiments/chimera/materialize_chimera_composite_simulation.py,experiments/screen_capture/photometry/chimera/prepare_composite_simulation.py,
experiments/chimera/materialize_chimera_virtual_screen_mac.py,experiments/screen_capture/source_to_rgb/chimera/prepare_virtual_mac.py,
experiments/chimera/prepare_chimera_bfree_manifest.py,experiments/data_preparation/chimera/prepare_bfree_manifest.py,
experiments/chimera/prepare_chimera_size_control.py,experiments/data_preparation/chimera/prepare_size_control.py,
experiments/chimera/probe_chimera_native_bandpower.py,experiments/screen_capture/spectral_structure/chimera/run_native_bandpower.py,
experiments/chimera/probe_chimera_native_channel_coherence.py,experiments/screen_capture/spectral_structure/chimera/run_native_channel_coherence.py,
experiments/chimera/probe_chimera_native_frequency.py,experiments/screen_capture/spectral_structure/chimera/run_native_frequency.py,experiments/screen_capture/spectral_structure/chimera/protocol.py
experiments/chimera/probe_chimera_registration.py,experiments/screen_capture/geometry/chimera/run_registration.py,
experiments/chimera/probe_chimera_residual_spectrum.py,experiments/screen_capture/spectral_structure/chimera/run_residual_spectrum.py,
experiments/chimera/probe_chimera_screen_observables.py,experiments/screen_capture/geometry/chimera/run_observables.py,
experiments/chimera/test_chimera_luma_sharpen_hypothesis.py,experiments/screen_capture/photometry/chimera/evaluate_luma_sharpen_hypothesis.py,
experiments/downloads/download_verified.ps1,experiments/data_preparation/common/prepare_verified.ps1,
experiments/dragotti/analyze_dragotti_probe.py,experiments/screen_capture/geometry/dragotti/audit_pairs.py,
experiments/dragotti/build_dragotti_audit_bundle.py,experiments/data_preparation/dragotti/prepare_audit_bundle.py,
experiments/dragotti/check_dragotti_diffraction_alias_budget.py,experiments/screen_capture/aliasing/dragotti/audit_diffraction_alias_budget.py,
experiments/dragotti/merge_dragotti_cross_scene.py,experiments/screen_capture/geometry/dragotti/evaluate_cross_scene.py,
experiments/dragotti/probe_dragotti_alias.py,experiments/screen_capture/aliasing/dragotti/run_alias.py,
experiments/dragotti/probe_dragotti_diffraction_otf.py,experiments/screen_capture/aliasing/dragotti/run_diffraction_otf.py,
experiments/dragotti/probe_dragotti_predicted_alias_spectrum.py,experiments/screen_capture/aliasing/dragotti/run_predicted_alias_spectrum.py,
experiments/dragotti/probe_dragotti_range.py,experiments/data_preparation/dragotti/prepare_range_members.py,src/palimpsest/io/remote_zip.py
experiments/imagenet_es/audit_imagenet_es_remote_index.py,experiments/data_preparation/imagenet_es/audit_remote_index.py,
experiments/imagenet_es/evaluate_imagenet_es_aperture_pairs.py,experiments/screen_capture/exposure_response/imagenet_es/evaluate_aperture_pairs.py,
experiments/imagenet_es/evaluate_imagenet_es_iso_aperture.py,experiments/screen_capture/exposure_response/imagenet_es/evaluate_iso_aperture.py,
experiments/imagenet_es/evaluate_imagenet_es_tone_holdout.py,experiments/screen_capture/exposure_response/imagenet_es/evaluate_tone_holdout.py,
experiments/imagenet_es/extract_imagenet_es_control_pairs.py,experiments/data_preparation/imagenet_es/prepare_control_pairs.py,
experiments/imagenet_es/fit_imagenet_es_effective_tone.py,experiments/screen_capture/exposure_response/imagenet_es/fit_effective_tone.py,
experiments/imagenet_es/freeze_imagenet_es_aperture_registry.py,experiments/data_preparation/imagenet_es/prepare_registry_aperture_registry.py,
experiments/print_scan/analyze_descan_print_signatures.py,experiments/print_capture/print_signatures/descan/evaluate_descan_print_signatures.py,
experiments/print_scan/audit_csgc2400.py,experiments/data_preparation/csgc/audit_archive_2400spi.py,
experiments/print_scan/audit_descan_near_duplicates.py,experiments/data_preparation/descan/audit_descan_near_duplicates.py,
experiments/print_scan/audit_descan_pairs.py,experiments/data_preparation/descan/audit_descan_pairs.py,
experiments/print_scan/audit_dfd_all_image_metadata.py,experiments/data_preparation/dfd/audit_all_image_metadata.py,
experiments/print_scan/audit_dfd_color_fullpage_metadata.py,experiments/data_preparation/dfd/audit_color_fullpage_metadata.py,
experiments/print_scan/audit_dfd_color_inventory.py,experiments/data_preparation/dfd/audit_color_inventory.py,
experiments/print_scan/audit_dfd_color_links.py,experiments/data_preparation/dfd/audit_color_links.py,
experiments/print_scan/audit_dfd_color_non_tiff_fullpages.py,experiments/data_preparation/dfd/audit_color_non_tiff_fullpages.py,
experiments/print_scan/audit_dfd_color_scanner_pairs.py,experiments/data_preparation/dfd/audit_color_scanner_pairs.py,
experiments/print_scan/audit_dfd_halftone.py,experiments/data_preparation/dfd/audit_halftone.py,
experiments/print_scan/audit_div2k_scan_100_pairs.py,experiments/data_preparation/div2k/audit_scan_100_pairs.py,
experiments/print_scan/audit_div2k_scan_test.py,experiments/data_preparation/div2k/audit_scan_test.py,
experiments/print_scan/check_print_scan_convergence.py,experiments/print_capture/integration/synthetic/audit_print_scan_convergence.py,
experiments/print_scan/compare_dfd_print_scan_prototype.py,experiments/print_capture/gray_halftone/dfd/evaluate_print_scan_prototype.py,
experiments/print_scan/csgc_bounded_power_tone.py,experiments/print_capture/binary_channel/csgc/fit_bounded_power_tone.py,
experiments/print_scan/csgc_cross_spi_12_id_audit.py,experiments/data_preparation/csgc/audit_cross_spi_twelve_sources.py,
experiments/print_scan/csgc_cross_spi_12_id_forward.py,experiments/print_capture/binary_channel/csgc/evaluate_cross_spi_twelve_sources.py,
experiments/print_scan/csgc_cross_spi_forward_probe.py,experiments/print_capture/binary_channel/csgc/evaluate_cross_spi_four_sources.py,
experiments/print_scan/csgc_effective_channel.py,experiments/print_capture/binary_channel/csgc/fit_effective_channel.py,
experiments/print_scan/csgc_forward_residuals.py,experiments/print_capture/binary_channel/csgc/evaluate_forward_residuals.py,
experiments/print_scan/csgc_nonlinear_tone.py,experiments/print_capture/binary_channel/csgc/fit_nonlinear_tone.py,
experiments/print_scan/csgc_residual_conditional_diagnostic.py,experiments/print_capture/binary_channel/csgc/evaluate_residual_conditioning.py,
experiments/print_scan/dfd_resampling_peak_probe.py,experiments/print_capture/gray_halftone/dfd/run_resampling_peak_probe.py,
experiments/print_scan/download_descan_calibration.py,experiments/data_preparation/descan/prepare_descan_calibration.py,
experiments/print_scan/download_dfd_color.ps1,experiments/data_preparation/dfd/prepare_color.ps1,
experiments/print_scan/download_div2k_valid_hr.ps1,experiments/data_preparation/div2k/prepare_valid_hr.ps1,
experiments/print_scan/evaluate_csgc_forward.py,experiments/print_capture/binary_channel/csgc/evaluate_forward.py,
experiments/print_scan/index_csgc_multi_zip.py,experiments/data_preparation/csgc/prepare_multi_zip.py,
experiments/print_scan/probe_color_print_scan_descan.py,experiments/print_capture/print_signatures/descan/run_color_print_scan_descan.py,
experiments/print_scan/probe_csgc_cross_resolution.py,experiments/data_preparation/csgc/prepare_cross_resolution_pairs.py,
experiments/print_scan/probe_csgc_more_ids.py,experiments/data_preparation/csgc/audit_additional_pairs.py,
experiments/print_scan/probe_dfd_color_fullpage_tile.py,experiments/print_capture/color_halftone/dfd/run_color_fullpage_tile.py,
experiments/print_scan/probe_dfd_color_matched_printers.py,experiments/print_capture/color_halftone/dfd/run_color_matched_printers.py,
experiments/print_scan/probe_dfd_color_multitile_transfer.py,experiments/print_capture/color_halftone/dfd/run_color_multitile_transfer.py,
experiments/print_scan/probe_dfd_color_sample_spectra.py,experiments/print_capture/color_halftone/dfd/run_color_sample_spectra.py,
experiments/print_scan/probe_dfd_lattice_forward_transfer.py,experiments/print_capture/gray_halftone/dfd/run_lattice_forward_transfer.py,
experiments/print_scan/probe_dfd_scanner_pair.py,experiments/print_capture/gray_halftone/dfd/run_scanner_pair.py,
experiments/print_scan/probe_dfd_tile_control.py,experiments/print_capture/gray_halftone/dfd/run_tile_control.py,
experiments/print_scan/probe_dfd_tone_lattice.py,experiments/print_capture/gray_halftone/dfd/run_tone_lattice.py,
experiments/print_scan/probe_div2k_print_hypotheses_100.py,experiments/print_capture/paper_response/div2k/run_print_hypotheses_100.py,
experiments/print_scan/probe_div2k_scan_originals.py,experiments/data_preparation/div2k/prepare_original_pairs.py,src/palimpsest/io/remote_zip.py
experiments/print_scan/probe_photo_paper_div2k.py,experiments/print_capture/paper_response/div2k/run_photo_paper.py,
experiments/print_scan/probe_print_camera_div2k.py,experiments/print_capture/paper_response/div2k/run_print_camera.py,
experiments/print_scan/verify_csgc_pair_content.py,experiments/data_preparation/csgc/audit_pair_content.py,
experiments/projector/audit_compennet_full.py,experiments/data_preparation/compennet/audit_full.py,
experiments/projector/benchmark_projector_forward_speed.py,experiments/projection_capture/chart_response/compennet/benchmark_forward_speed.py,
experiments/projector/compare_compennetpp_light_setups.py,experiments/projection_capture/chart_response/compennet/evaluate_light_setups.py,
experiments/projector/decode_compennetpp_sl_one_setup.py,experiments/projection_capture/structured_light/compennetpp/prepare_sl_one_setup.py,experiments/projection_capture/structured_light/compennetpp/protocol.py
experiments/projector/diagnose_projector_residuals.py,experiments/projection_capture/chart_response/compennet/evaluate_residuals.py,
experiments/projector/download_compennet.ps1,experiments/data_preparation/compennet/prepare.ps1,
experiments/projector/evaluate_compennetpp_cross_setup_display.py,experiments/projection_capture/raw_response/compennetpp/evaluate_cross_setup_display.py,
experiments/projector/evaluate_compennetpp_display_fit_identifiability.py,experiments/projection_capture/raw_response/compennetpp/evaluate_display_fit_identifiability.py,
experiments/projector/evaluate_compennetpp_geometry_surrogates.py,experiments/projection_capture/structured_light/compennetpp/evaluate_geometry_surrogates.py,
experiments/projector/evaluate_compennetpp_neutral_tone.py,experiments/projection_capture/raw_response/compennetpp/evaluate_neutral_tone.py,
experiments/projector/evaluate_compennetpp_raw_forward_pilot.py,experiments/projection_capture/raw_response/compennetpp/evaluate_raw_forward_pilot.py,
experiments/projector/extract_compennetpp_sl_one_setup.py,experiments/data_preparation/compennetpp/prepare_sl_one_setup.py,
experiments/projector/probe_compennet_range.py,experiments/data_preparation/compennet/run_range.py,
experiments/projector/probe_compennetpp_range.py,experiments/data_preparation/compennetpp/run_range.py,
experiments/projector/probe_compennetpp_raw_reference_pairs.py,experiments/data_preparation/compennetpp/run_raw_reference_pairs.py,
experiments/projector/probe_compennetpp_structured_light.py,experiments/data_preparation/compennetpp/run_structured_light.py,
experiments/projector/probe_projector_channel_basis.py,experiments/projection_capture/chart_response/compennet/run_channel_basis.py,
experiments/projector/probe_projector_channel_transfer.py,experiments/projection_capture/chart_response/compennet/run_channel_transfer.py,
experiments/projector/probe_projector_chart_model.py,experiments/projection_capture/chart_response/compennet/run_chart_model.py,experiments/projection_capture/chart_response/compennet/protocol.py
experiments/projector/probe_projector_full_lut.py,experiments/projection_capture/chart_response/compennet/run_full_lut.py,
experiments/projector/probe_projector_transfer.py,experiments/projection_capture/chart_response/compennet/run_transfer.py,
experiments/raw2event/analyze_raw2event_split_comparison.py,experiments/screen_capture/source_to_raw/raw2event/evaluate_split_comparison.py,
experiments/raw2event/audit_raw2event_content_feature_geometry.py,experiments/screen_capture/raw_geometry/raw2event/audit_content_feature_geometry.py,
experiments/raw2event/audit_raw2event_probe.py,experiments/data_preparation/raw2event/audit_probe.py,src/palimpsest/data/video.py; src/palimpsest/data/raw2event.py
experiments/raw2event/audit_raw2event_sensor_geometry.py,experiments/screen_capture/raw_geometry/raw2event/audit_sensor_geometry.py,
experiments/raw2event/audit_raw2event_split_first_frames.py,experiments/screen_capture/raw_geometry/raw2event/audit_split_first_frames.py,src/palimpsest/data/cifar10.py
experiments/raw2event/audit_raw2event_tar_vs_direct.py,experiments/data_preparation/raw2event/audit_tar_vs_direct.py,
experiments/raw2event/diagnose_raw2event_raw_registration.py,experiments/screen_capture/raw_geometry/raw2event/evaluate_raw_registration.py,
experiments/raw2event/evaluate_raw2event_display_prefilter.py,experiments/screen_capture/display_sampling/raw2event/evaluate_display_prefilter.py,
experiments/raw2event/evaluate_raw2event_geometry_transfer.py,experiments/screen_capture/raw_geometry/raw2event/evaluate_geometry_transfer.py,
experiments/raw2event/evaluate_raw2event_global_geometry_process.py,experiments/screen_capture/raw_geometry/raw2event/evaluate_global_geometry_process.py,
experiments/raw2event/evaluate_raw2event_phase_confirmation.py,experiments/screen_capture/cfa_phase/raw2event/evaluate_phase_confirmation.py,
experiments/raw2event/evaluate_raw2event_source_to_raw_split.py,experiments/screen_capture/source_to_raw/raw2event/evaluate_split.py,
experiments/raw2event/evaluate_raw2event_spectral_mix.py,experiments/screen_capture/spectral_response/raw2event/evaluate_spectral_mix.py,experiments/screen_capture/spectral_response/raw2event/protocol.py
experiments/raw2event/fetch_cifar10_python.py,experiments/data_preparation/raw2event/prepare_download_cifar10_python.py,
experiments/raw2event/fetch_raw2event_first_raw_tar_member.py,experiments/data_preparation/raw2event/prepare_download_first_raw_tar_member.py,
experiments/raw2event/fetch_raw2event_pair.py,experiments/data_preparation/raw2event/prepare_download_pair.py,
experiments/raw2event/fetch_raw2event_phase_confirmation.py,experiments/data_preparation/raw2event/prepare_download_phase_confirmation.py,
experiments/raw2event/fetch_raw2event_process_split.py,experiments/data_preparation/raw2event/prepare_download_process_split.py,
experiments/raw2event/fetch_raw2event_second_tar_member.py,experiments/data_preparation/raw2event/prepare_download_second_tar_member.py,
experiments/raw2event/freeze_raw2event_phase_confirmation.py,experiments/data_preparation/raw2event/prepare_registry_phase_confirmation.py,
experiments/raw2event/freeze_raw2event_process_split.py,experiments/data_preparation/raw2event/prepare_registry_process_split.py,
experiments/raw2event/index_raw2event_source_paths.py,experiments/data_preparation/raw2event/prepare_source_paths.py,
experiments/raw2event/inspect_raw2event_metadata_tar.py,experiments/data_preparation/raw2event/audit_metadata_tar.py,
experiments/raw2event/inspect_raw2event_tar_neighbors.py,experiments/data_preparation/raw2event/audit_tar_neighbors.py,
experiments/raw2event/match_raw2event_cifar_source.py,experiments/screen_capture/source_matching/raw2event/run_cifar_source.py,experiments/screen_capture/source_matching/raw2event/protocol.py
experiments/raw2event/probe_raw2event_cfa_phase.py,experiments/screen_capture/cfa_phase/raw2event/run_cfa_phase.py,
experiments/raw2event/probe_raw2event_display_identifiability.py,experiments/screen_capture/display_sampling/raw2event/run_display_identifiability.py,
experiments/raw2event/probe_raw2event_fine_convergence.py,experiments/screen_capture/display_sampling/raw2event/run_fine_convergence.py,
experiments/raw2event/probe_raw2event_flat_field_grid.py,experiments/screen_capture/cfa_phase/raw2event/run_flat_field_grid.py,
experiments/raw2event/probe_raw2event_grid_phase_motion.py,experiments/screen_capture/cfa_phase/raw2event/run_grid_phase_motion.py,
experiments/raw2event/probe_raw2event_isp_transfer.py,experiments/screen_capture/isp_transfer/raw2event/run_isp_transfer.py,
experiments/raw2event/probe_raw2event_source_to_raw.py,experiments/screen_capture/source_to_raw/raw2event/run_two_sources.py,experiments/screen_capture/source_to_raw/raw2event/protocol.py
experiments/raw2event/probe_raw2event_temporal_lag_control.py,experiments/screen_capture/cfa_phase/raw2event/run_temporal_lag_control.py,
experiments/raw2event/probe_raw2event_temporal_residual.py,experiments/screen_capture/cfa_phase/raw2event/run_temporal_residual.py,
experiments/raw2event/refine_raw2event_content_geometry.py,experiments/screen_capture/raw_geometry/raw2event/fit_content_geometry.py,
experiments/raw2event/render_raw2event_registration_diagnostic.py,experiments/screen_capture/raw_geometry/raw2event/plot_registration_diagnostic.py,
experiments/raw2event/summarize_raw2event_cfa_phase.py,experiments/screen_capture/cfa_phase/raw2event/evaluate_summary_cfa_phase.py,
experiments/raw2event/summarize_raw2event_phase_confirmation.py,experiments/screen_capture/cfa_phase/raw2event/evaluate_summary_phase_confirmation.py,
experiments/raw2event/verify_raw2event_split_content.py,experiments/screen_capture/raw_geometry/raw2event/audit_split_content.py,
experiments/rr/analyze_rr_redigital_detector_strata.py,experiments/origin_detection/redigital_statistics/rr/evaluate_redigital_detector_strata.py,
experiments/rr/analyze_rr_simulation_inputs.py,experiments/origin_detection/platform_statistics/rr/audit_inputs.py,src/palimpsest/data/rr.py; src/palimpsest/evaluation/image_pairs.py; src/palimpsest/evaluation/distribution.py
experiments/rr/analyze_rr_transfer_geometry_effect.py,experiments/origin_detection/platform_statistics/rr/evaluate_transfer_geometry_effect.py,
experiments/rr/audit_rewind_archive.py,experiments/data_preparation/rr/audit_rewind_archive.py,
experiments/rr/audit_rr_manifest_provenance.py,experiments/data_preparation/rr/audit_manifest_provenance.py,
experiments/rr/audit_rr_redigital_encoding_strata.py,experiments/origin_detection/redigital_statistics/rr/audit_redigital_encoding_strata.py,
experiments/rr/audit_rr_redigital_label_encoding.py,experiments/origin_detection/redigital_statistics/rr/audit_redigital_label_encoding.py,
experiments/rr/audit_rr_redigital_spectrum.py,experiments/origin_detection/redigital_statistics/rr/audit_redigital_spectrum.py,
experiments/rr/audit_rr_test.py,experiments/data_preparation/rr/audit_test.py,
experiments/rr/audit_rr_trainval_archive.py,experiments/data_preparation/rr/audit_trainval_archive.py,
experiments/rr/audit_rr_transformation_provenance.py,experiments/origin_detection/encoding_shortcuts/rr/audit_transformation_provenance.py,
experiments/rr/download_rr_trainval.ps1,experiments/data_preparation/rr/prepare_trainval.ps1,
experiments/rr/evaluate_rr_redigital_420_color_critic.py,experiments/origin_detection/redigital_statistics/rr/evaluate_redigital_420_color_critic.py,
experiments/rr/evaluate_rr_redigital_spectral_critic.py,experiments/origin_detection/redigital_statistics/rr/evaluate_redigital_spectral_critic.py,
experiments/rr/evaluate_rr_simulator_critic.py,experiments/origin_detection/platform_statistics/rr/evaluate_simulator_critic.py,
experiments/rr/extract_rr_test.py,experiments/data_preparation/rr/prepare_test.py,
experiments/rr/freeze_rr_simulation_split.py,experiments/data_preparation/rr/prepare_registry_simulation_split.py,
experiments/rr/interpret_rr_jpeg_profiles.py,experiments/origin_detection/platform_statistics/rr/audit_jpeg_profiles.py,
experiments/rr/materialize_rr_transfer_simulation.py,experiments/origin_detection/platform_statistics/rr/prepare_transfer_simulation.py,
experiments/rr/metadata_shortcut_diagnostic.py,experiments/origin_detection/encoding_shortcuts/rr/evaluate_metadata.py,
experiments/rr/rr_format_shortcut.py,experiments/origin_detection/encoding_shortcuts/rr/run_format_shortcut.py,
experiments/rr/rr_oracle_codec_control.py,experiments/origin_detection/encoding_shortcuts/rr/run_oracle_codec_control.py,
experiments/rr/rr_redigital_420_color_pilot.py,experiments/origin_detection/redigital_statistics/rr/run_color_pilot.py,
experiments/rr/rr_redigital_420_spectral_residual_pilot.py,experiments/origin_detection/redigital_statistics/rr/run_spectral_pilot.py,
experiments/rr/rr_simulator_v0.py,experiments/origin_detection/platform_statistics/rr/run_fidelity.py,experiments/origin_detection/platform_statistics/rr/protocol.py
experiments/rr/rr_test_format_control.py,experiments/origin_detection/encoding_shortcuts/rr/evaluate_format_control.py,
experiments/rr/verify_rr_simulation_materialization.py,experiments/origin_detection/platform_statistics/rr/audit_simulation_materialization.py,
experiments/screen_numerics/audit_fdnet_real_screen_pairs.py,experiments/screen_capture/focus_response/fdnet/audit_fdnet_real_pairs.py,
experiments/screen_numerics/benchmark_screen_analytic.py,experiments/screen_capture/display_sampling/synthetic/benchmark_analytic.py,
experiments/screen_numerics/benchmark_wave_defocus_render.py,experiments/screen_capture/wave_optics/synthetic/benchmark_wave_defocus_render.py,
experiments/screen_numerics/benchmark_wave_prefilter_tiled.py,experiments/screen_capture/wave_optics/synthetic/benchmark_wave_prefilter_tiled.py,
experiments/screen_numerics/check_screen_alias_aperture_sweep.py,experiments/screen_capture/display_sampling/synthetic/audit_alias_aperture_sweep.py,
experiments/screen_numerics/evaluate_fdnet_focus_pairs.py,experiments/screen_capture/focus_response/fdnet/evaluate_fdnet_focus_pairs.py,
experiments/screen_numerics/plot_fdnet_focus_comparison.py,experiments/screen_capture/focus_response/fdnet/plot_fdnet_focus_comparison.py,
experiments/screen_numerics/plot_wave_optical_defocus.py,experiments/screen_capture/wave_optics/synthetic/plot_wave_optical_defocus.py,
experiments/screen_numerics/probe_aperture_alias_noise_tradeoff.py,experiments/screen_capture/display_sampling/synthetic/run_aperture_alias_noise_tradeoff.py,
experiments/screen_numerics/probe_aperture_throughput.py,experiments/screen_capture/display_sampling/synthetic/run_aperture_throughput.py,
experiments/screen_numerics/probe_focus_before_vs_after_sampling.py,experiments/screen_capture/focus_response/synthetic/run_focus_before_vs_after_sampling.py,
experiments/screen_numerics/probe_focused_diffraction_boundary.py,experiments/screen_capture/focus_response/synthetic/run_focused_diffraction_boundary.py,
experiments/screen_numerics/probe_focused_diffraction_prefilter.py,experiments/screen_capture/focus_response/synthetic/run_focused_diffraction_prefilter.py,
experiments/screen_numerics/probe_physical_focus_display_lattice.py,experiments/screen_capture/focus_response/synthetic/run_physical_focus_display_lattice.py,
experiments/screen_numerics/probe_screen_airy_alias.py,experiments/screen_capture/display_sampling/synthetic/run_airy_alias.py,
experiments/screen_numerics/probe_screen_display_prefilter.py,experiments/screen_capture/display_sampling/synthetic/run_display_prefilter.py,
experiments/screen_numerics/probe_screen_display_prefilter_stress.py,experiments/screen_capture/display_sampling/synthetic/run_display_prefilter_stress.py,
experiments/screen_numerics/probe_screen_projective_convergence.py,experiments/screen_capture/display_sampling/synthetic/run_projective_convergence.py,
experiments/screen_numerics/probe_wave_display_prefilter.py,experiments/screen_capture/wave_optics/synthetic/run_wave_display_prefilter.py,
experiments/screen_numerics/probe_wave_optical_defocus_psf.py,experiments/screen_capture/wave_optics/synthetic/run_wave_optical_defocus_psf.py,
experiments/screen_numerics/probe_wave_prefilter_scale.py,experiments/screen_capture/wave_optics/synthetic/run_wave_prefilter_scale.py,
experiments/screen_numerics/smoke_wave_prefilter_cli.py,experiments/screen_capture/wave_optics/synthetic/audit_wave_prefilter_cli.py,
experiments/paths.py,,retired; use palimpsest.paths
